rating,title,text,images,asin,parent_asin,user_id,timestamp,helpful_vote,verified_purchase,sentiment
5.0,Everyone needs one of these in their car!,"I needed this cord. I have 2 grandkids that bring electronics in the car and used to have to tske turns charging them. With this its no longer an issue. The plug itself has 2 usb ports, and the nice longer cord reaches to the backseat nicely and has 2 more ports. I wish I had this before. Definetly a great item to keep in each car.",[],B07SFZLLLQ,B07SFZLLLQ,AFFZVSTUS3U2ZD22A2NPZSKOCPGQ,1571073055653,0,False,4
5.0,Beautiful Phone Case,"This is a classy, good looking phone case. The case fits my daughter's  iPhone 6 nicely. It's a fairly firm plastic material, but it doesn't seem like it will snap into pieces or break easily. It does not interfere with any of the phone controls. My daughter has dropped her phone with this case on and her phone was completely protected. She really likes the grippy texture on the back of the case.<br /><br />*I received this phone case for free for the purpose of trying it out & reviewing. My thoughts & opinions are my own.","[{'small_image_url': 'https://images-na.ssl-images-amazon.com/images/I/61joQBuh6DL._SL256_.jpg', 'medium_image_url': 'https://images-na.ssl-images-amazon.com/images/I/61joQBuh6DL._SL800_.jpg', 'large_image_url': 'https://images-na.ssl-images-amazon.com/images/I/61joQBuh6DL._SL1600_.jpg', 'attachment_type': 'IMAGE'}]",B013VPPJEM,B013VPPJEM,AHV6QCNBJNSGLATP56JAWJ3C4G2A,1455059866000,0,False,3
5.0,So Much Fun!!,"I work in a Special Ed middle school class. I took this Google Cardboard into class last week and those students absolutely loved it. First of all, it was easy to put together. My husband has purchased other Cardboards and the earlier models required more work to assemble. This one was super easy and I was able to do it all by myself. I downloaded a couple of VR apps from Google Play and let the students take turns with it. My favorite moment is when one of the autistic boys had his turn. He chose the Ocean VR one. After a moment of looking through it, he started singing &quot;Part of My World&quot; from Disney's The Little Mermaid. Many of the students in my class come from low income families. And none of them had ever used one of these before, let alone seen one. They were completely enthralled with it. After allowing all of the kids to take a turn, one of the velcro pieces was starting to come up, but that's an easy fix as far as I am concerned. And other than that, it held up very well. It's definitely a high quality, cardboard.  Another fun moment was when I shared it with the other classroom aid who is almost 60. She just as excited about it as the kids were! It is pretty amazing how far technology has progressed.<br /><br />*I received this for free for the purpose of trying it out &amp; reviewing. My thoughts &amp; opinions are my own.","[{'small_image_url': 'https://images-na.ssl-images-amazon.com/images/I/71zLFnBMRnL._SL256_.jpg', 'medium_image_url': 'https://images-na.ssl-images-amazon.com/images/I/71zLFnBMRnL._SL800_.jpg', 'large_image_url': 'https://images-na.ssl-images-amazon.com/images/I/71zLFnBMRnL._SL1600_.jpg', 'attachment_type': 'IMAGE'}]",B01A8L8AP2,B01A8L8AP2,AHV6QCNBJNSGLATP56JAWJ3C4G2A,1454203115000,5,False,4
4.0,Better out there.,"Idk why the fingerprint reader is a metric since this case did not come with a screen protector<br /><br />Anyway. The case slips off all of the time. Its insanely easy to take off, it's not snug at all.<br /><br />Itll do as a temporary case until you find a better one.",[],B07Y2ZRNVP,B07Y31Q7BK,AF24UDV5GTGYDPK3G35ZFFQIUUKA,1580077009727,0,True,1
5.0,Love it,Perfect case great color and been great had it since Dec,[],B073WTQHTW,B073WTQHTW,AF4XAUOI5XPGWHCPOTORKBIJSRDA,1551252211991,0,True,4
5.0,Good Phone Protection,My husband just got a Pixel 6 and needed a phone case for it. This one has pretty good phone protection. I've seen him drop his phone at least once since he's gotten it and there has been no problems. The case fits fine and doesn't interfere with any of the buttons or controls.,[],B096WDXR9Z,B096T9C44S,AHV6QCNBJNSGLATP56JAWJ3C4G2A,1640626669642,0,False,3
5.0,Great case that's not bulky but sturdy,Easy to hold and great protection.,[],B09JF4HDPL,B09JFTFVF4,AEZUJSZ3B7OAOVCSMZPINNW3QH3A,1650388505059,0,True,4
4.0,Good,Always can use extras if these,[],B08T7XBVB6,B08T7XBVB6,AFFZVSTUS3U2ZD22A2NPZSKOCPGQ,1631331038532,0,False,3
5.0,Great phone holder,I use this holder on my desk for Zoom mtgs. Perfect size. Highly recommended.,[],B00WHYWC08,B08VHJH6Q2,AGBO5SEPWTF5NLYD33PFPGGVRUJQ,1619781891238,0,True,4
5.0,"Great portable battery charger, every home should own one",This is a great extended battery pack. Used it on a recent 3 week trip to Europe for times when I was away from my charger (and electricity). I love to use my phone almost exclusively for picture and video taking and the videos really ate away at my phone battery. I found this portable charger just what I needed to allow myself almost a full day of use without worrying about plugging in. Highly recommend this and I think everyone should own one.This will also come in handy in my house now that Florida is entering storm season and we frequently lose power. Having one of these handy will assure me of continuous phone (and internet) use for hours.,[],B07PFMJ3XG,B07PFMJ3XG,AFSKPY37N3C43SOI5IEXEK5JSIYA,1557086770170,0,False,4
5.0,Great idea,Wow have these made my life easier. Being able to  charge 2 items at once is so convenient,[],B076W1CN9Y,B076W1CN9Y,AEPQUIWJI7FYDURUJIDWLMPBU2KA,1575243748648,0,True,4
5.0,No Bubbles,"Great system for application.  It actually went on easy, straight and with NO BUBBLES.  JETech perfected this system.",[],B013DDMPXK,B0BQ2H896H,AHOEIYJJHZ7ITX75BOFQYNXVVJQQ,1643906617488,0,True,4
2.0,Looked nice at first,"I liked this case for about one day.  I put it oneand it looked nice on my phone.  The compartment for your cards held my debit card and id nicely and the case itself felt sturdy for the price.  But then it came time to charge my phone.  The charger would not fit in with out taking the case off.  This was the first annoying thing.  Then the next day I realized that the case was turning my volume down because my phone was on silent.  So after two days of owning the case, I sent it back.  It was not  for me.",[],B00ZKKPPMI,B00ZKKPPMI,AGKKAXZPXFYIBA3N53YNJYU2AT3Q,1460496360000,0,True,1
5.0,This is better than my Weather Tech one,This easily fits my cupholder and brings my phone in perfect alignment with my sight.  I appreciated  the seller reached out to make sure I received it and liked it.,[],B08KT21TB7,B0C7C641PN,AHFR2P34DFCGTJYFLV4PLYFVF6IA,1666051819628,1,True,4
5.0,Five Stars,Great,[],B013HPE8FM,B013HPE8FM,AGTSSHKA4HTPDZJOYOVWQ3E6TXCQ,1454265002000,0,True,4
5.0,Love It!,Works great. iPhone X fits perfectly in the case.,"[{'small_image_url': 'https://images-na.ssl-images-amazon.com/images/I/718ao2XtJIL._SL256_.jpg', 'medium_image_url': 'https://images-na.ssl-images-amazon.com/images/I/718ao2XtJIL._SL800_.jpg', 'large_image_url': 'https://images-na.ssl-images-amazon.com/images/I/718ao2XtJIL.jpg', 'attachment_type': 'IMAGE'}]",B07D2761T6,B07D26GDD7,AG2UEDPK43QC5AU6HZTCBANPW2FQ,1534979388056,4,True,4
4.0,Cell phone car holder,"I have a 2006 Lexus GX...  I wanted a holder for my phone that didn't use a magnet.  This holder fits that criteria. I have a Galaxy S7 and it fits nicely in the holder.  The holder itself is black.  It has a sticky, suction base.  The base has 2 adjustment spots...both are twist/screw type...  loosen, adjust and then tighten.  The top adjustment is like a ball swivel with a small amount of swivel.  The actual grabber area is interesting... you push in two tabs on opposite sides and the grippers pop open.  There is a &#34;button&#34; like knob in the center so that when you place your phone in the cradle it snaps the side pieces in place, grabbing and holding the phone.  I find that the side buttons sometimes are not very &#34;positive&#34; and you need to press them both equally at the same time or you will need to press the center button to reset and press again to get your phone positioned properly in the holding area.  There is also a loose, free moving bottom &#34;lip&#34; or &#34;edge&#34; that helps to hold the phone in place.  The circular base bottom is very, very sticky and has a reverse pressure lever.  It is VERY solid.<br />I was disappointed to see that the box I received had been opened and the item had been &#34;used.&#34;  That being said, it does work.  But I should have been sold a &#34;used&#34; product at a &#34;used price&#34; rather than the new price I paid.<br />I have included pics to help the honest buyer.  Also, my purchase is 100% independent and NOT compensated in any way. That's right - I searched this item out, on my own and bought it.  I never hesitate to update reviews if new info would be useful and I try to answer questions quickly.  Happy shopping for all.","[{'small_image_url': 'https://images-na.ssl-images-amazon.com/images/I/71aManXpkpL._SL256_.jpg', 'medium_image_url': 'https://images-na.ssl-images-amazon.com/images/I/71aManXpkpL._SL800_.jpg', 'large_image_url': 'https://images-na.ssl-images-amazon.com/images/I/71aManXpkpL.jpg', 'attachment_type': 'IMAGE'}, {'small_image_url': 'https://images-na.ssl-images-amazon.com/images/I/71p97dWqJnL._SL256_.jpg', 'medium_image_url': 'https://images-na.ssl-images-amazon.com/images/I/71p97dWqJnL._SL800_.jpg', 'large_image_url': 'https://images-na.ssl-images-amazon.com/images/I/71p97dWqJnL.jpg', 'attachment_type': 'IMAGE'}, {'small_image_url': 'https://images-na.ssl-images-amazon.com/images/I/71v5fguSppL._SL256_.jpg', 'medium_image_url': 'https://images-na.ssl-images-amazon.com/images/I/71v5fguSppL._SL800_.jpg', 'large_image_url': 'https://images-na.ssl-images-amazon.com/images/I/71v5fguSppL.jpg', 'attachment_type': 'IMAGE'}, {'small_image_url': 'https://images-na.ssl-images-amazon.com/images/I/71wY6uqZP9L._SL256_.jpg', 'medium_image_url': 'https://images-na.ssl-images-amazon.com/images/I/71wY6uqZP9L._SL800_.jpg', 'large_image_url': 'https://images-na.ssl-images-amazon.com/images/I/71wY6uqZP9L.jpg', 'attachment_type': 'IMAGE'}]",B007FH716W,B007FH716W,AFZUK3MTBIBEDQOPAK3OATUOUKLA,1475391559000,9,True,3
5.0,Thanks,Works as wanted,[],B07VS5G2ZT,B083QJCWGT,AFH6JVL73CZOVTQ2LR3IG27HRNKQ,1596162076770,37,True,4
5.0,I appreciate that it comes with a life-time guarantee.,We've installed this on our teen daughter's bike for now. She's been using it to film her bike trips. It gives an interesting perspective.  It holds her phone securely and does what the product description claims to do. We all have different phones at our house & we've tried all 4 Android phones without any troubles. My husband is looking forward to using it for a GPS in the spring/summer when he starts riding more. I appreciate that it comes with a life-time guarantee.,[],B00LQSMWEW,B00LQSMWEW,AHV6QCNBJNSGLATP56JAWJ3C4G2A,1414964202000,0,False,3
1.0,I was hoping that this headset would open,"I was hoping this headset would work.  It's comfortable to wear but I couldn't get it to charge after wearing it only 30 minutes,  I have to return.",[],B0794SCYM8,B0794SCYM8,AF7ZINXE6MF5H7AGHIMQIOBTRPOQ,1614466546535,0,True,1
4.0,Sturdy Case,"The case seems pretty durable. Overall I like the style of the case and how it protects the edges and corners of the iPhone. I am just now submitting this review after having the case for 18 days. The ring broke off. You can rotate this ring but the mechanism is really stiff and there is only a small piece of plastic holding the ring to the side of the mechanism. It is definitely not adequate and if you rotate it a lot, it will break eventually which mine just did. I have had a few cases that had these rings on them and I have yet to find one that will last more than a few months.",[],B097P2TFNR,B097PRN9XF,AE4L2LH55JNFCLHFXFC7YOEQSBIA,1655313409389,3,True,2
1.0,dead wont charge anymore after a few times,UPDATE:  purchased  6/20/18  .....  it only charged a few times fully and now its pretty dead ... what a waste  ive yet to find one that's worth it and will charge for more than a few times !!!<br /><br />(so much for my first review)  so far so good .. so far i have returned 3 of these type  ..im hoping this one will be OK  and will recharge when i need it to really nice looking too and i love that it has a power switch,[],B01LBI132I,B01LBI132I,AHGAOIZVODNHYMNCBV4DECZH42UQ,1530216608086,0,True,0
3.0,phone case,was good idea but did not fit the phone when came.. so people watch out when ordering cases online they never fit right!!!!!!!,[],B077Q6WQFY,B077Q6WQFY,AHFZUNQFXSVVT6Z6BYKE5CLBX3KQ,1553712361424,0,True,1
3.0,Not the best but cheap,"The case feels as if it will last a while. My only issue with it is that you can't hold the case open to just use the side with the phone. The phone ""case"" is not detachable as with other cases so if you want to use your phone the side with the cards isn't pliable enough to bend and stay open. I have to remove the phone from the case when I want to talk on it.  Its annoying.",[],B07XXWNGJT,B07XXXZ8JB,AFO3G62P2JXCNMWZTAIB56KPG56A,1593662696984,0,True,2
5.0,Looks good,Easy to change out and gives multiple looks for very little cost.,[],B09BNCNLHF,B09BNBPN58,AEYEP6B5W5QBNMM4OBQBQJDJ63SA,1644272669426,0,True,3
1.0,Phonak charger case GO,"UPDATE BELOW:  Husband previously ordered this same brand but a different charger as it said it was more universal.  It didn't work.  This one does - charges efficiently and fully.  You have to be really careful to check and double check your individual hearing aid to sure you have the right charger.  When you get the right match, they are great. So far, so good - ¬†Having said all of this, I never hesitate to update my reviews should new info seem useful. All of my reviews reflect my honest, personal experience with the reviewed item - your experience may be different. I am not influenced by any outside source. I receive/accept NO free products or discounts that are not available to all shoppers- ever. For some reason our shopper ranks are no longer visible - so, to give you a little more info about me, I am a top 50 reviewer (#30 the highest rank achieved). Those numbers used to fluctuate over time - up and down but I noticed that they stopped updating regularly - perhaps to phase them out. It's a shame because it did help you see who has been around the longest and who is a trustworthy reviewer.¬† I've been doing reviews for over 25 years with Amazon - nearly 6,000 reviews posted, viewed over 50,000 times, and over 24,000 likes. I pay for all my stuff, just like you do.<br />UPDATE  3/2/23.  After 3 mos of light use (because he owns 2) this particular unit flat out died.  For 195 bucks, you would hope it would last longer than 3 months!  We are VERY, very disappointed.  195 bucks is too much money",[],B0BFYH2V72,B0BFYH2V72,AFZUK3MTBIBEDQOPAK3OATUOUKLA,1671846244667,0,True,1
4.0,A bit small,"This is a nice looking watch band.  I was mostly pleased with the purchase.  The band could be a bit larger.  It almost didn‚Äôt fit my wrist.  If it was any smaller, it wouldn‚Äôt have fit.  I am not an extremely large women, either.  I am average.",[],B07R7ZP7ZZ,B07RCB37LP,AHREXOGQPZDA6354MHH4ETSF3MCQ,1638848965588,0,True,2
5.0,Works well,Works on my iPadpro 11. The on off button is a bit finicky but it works well and is very accurate. I use for taking notes and drawing.,[],B0BBMXV437,B0BBMXM6GS,AFJBKPK5W56XWSNPQU2WW66ISWYQ,1669330129322,0,False,3
5.0,Best Case out There,This is the best case. Great protection without making the phone bulky. Love how I can use docking stations without removing the case.,[],B0093IHWRY,B00BMNJZ6O,AG2UEDPK43QC5AU6HZTCBANPW2FQ,1423984323000,0,True,4
5.0,Love it,Own 2 & gave one as a gift,[],B07H3RKNTF,B07H3RKNTF,AGI3VWFRRXY5MAZALSP2KBQYZMXQ,1567652729712,0,True,4
5.0,Great case,No issues at all. Very durable and good quality,[],B06X9YN522,B06X9YN522,AF2FTNKCY6XY67BKBUO4BNJRZ4XQ,1542299437787,0,True,4
5.0,"Great bluetooth headset, unique design fit me to a tee","These are great lightweight bluetooth earbuds. I typically have trouble finding earbuds that fit me comfortably, but when I saw this design, I thought I would try them out. Surprisingly, they fit comfortably and stayed snug in my ears as I did my gym workout. This is kind of a unique design and I now know which ones I will need going forward. And the name Panasonic assures sound quality as well. Couldn't ask for a better headset, I really like these.",[],B00L47Q4HG,B00L47Q4HG,AFSKPY37N3C43SOI5IEXEK5JSIYA,1517224177269,0,False,4
4.0,This otterbox is nice and supportive for the phone,This otterbox is nice and supportive for the phone.  I think it has a nice feel to it and will protect the phone.  I don't like the bulkiness of it but it's not as bulky as the original otterboxes.  It's not easy to put on.,[],B00HYSFUXS,B00HYSFUXS,AHATA6X6MYTC3VNBFJ3WIYVK257A,1404765164000,0,False,3
3.0,Doesn‚Äôt stick to the dashboard very well,Not user friendly,[],B07QGZQ4R4,B07QGZQ4R4,AFPBVAEV3FCQOHKJJGAKQLZLTCZQ,1613662534881,0,True,0
4.0,Good delivery,These good but tips fall off easy but get extra ones,[],B0725C2CKQ,B0727Y6DJ9,AHFZUNQFXSVVT6Z6BYKE5CLBX3KQ,1601749553075,0,True,3
5.0,Best Screenprotector By Far!!!!!,"I have tried so many screen protectors in my life, but this by far is the best. I had also purchased the matte version, but this one is so good I doubt I'll need them anytime soon. I was a little hesitant at first, especially when I saw air bubbles. I swear to you they were gone the next morning...just like the instructions said they would be. This screen protector is easy to apply & from what I can tell is very durable. Make sure you follow the directions & spray your fingers & adhesive side with the solution... it makes a difference. I will definitely buy this brand again... should I ever need it!",[],B00NAJ07QU,B00NAJ07QU,AGC3Q6IXOVLTTDMS4Q55FPYUF6FQ,1423513521000,0,True,4
5.0,Comfortable Bands,"I enjoy swapping out different bands for my Versa 3 depending on my outfit or my activity. These are different from any that I have seen before. They are one piece, but they are adjustable. The first time I put one on my Fitbit, I had the metal adjuster piece facing away from me. I quickly decided that I didn't like that look. Because I have a larger wrist, that piece caused an outer bump which didn't look great. I removed the band and put it on the other way and that was much better. I have it so it's loose enough that it moves when I shake my wrist, but it doesn't move otherwise. I like the variety of patterns and colors. It snaps into place easily. I would recommend.",[],B08S3DJG6M,B08S3DJG6M,AHV6QCNBJNSGLATP56JAWJ3C4G2A,1614104038325,0,False,3
3.0,"This was fairly easy to use, but the case started falling apart",I loved the protection of the case.  Made me feel like I didn't have to worry about dropping my phone.  My disappointment was when it started falling apart after about 7 months.  I would think it would have lasted longer. This is why I'm giving it only 3 stars.,[],B00Z7RNNN2,B07DD7HTZR,AHATA6X6MYTC3VNBFJ3WIYVK257A,1575926633287,0,False,2
1.0,Too Small,Case is very loose. Always feels like the phone is going to fall out,[],B01GMHQ0GC,B01GMHQ0GC,AG2UEDPK43QC5AU6HZTCBANPW2FQ,1471584798000,2,True,1
1.0,Worthless:  Does not hold the phone in place.,"Ok, it's attractive and I liked that it had slots for credit cards.  But it doesn't actually hold your phone in place.  Which, by definition, is what a case is for.",[],B089FC8S1Q,B089FCB4VD,AEZGPLOYTSAPR3DHZKKXEFPAXUAA,1612047849155,0,True,1
5.0,My phone is like brand new,Fit perfectly.  My phone is like brand new.,[],B00KFKS9H6,B00KFKS9H6,AF7ZINXE6MF5H7AGHIMQIOBTRPOQ,1439131665000,0,True,4
2.0,Caution,"Was difficult to get on my iPhone 14 plus.  Once it was on the phone, the touch screen didn‚Äôt work properly.  It would take multiple ‚Äú.touches ‚Äú to get the screen to recognize the ‚Äútouch‚Äù.<br /><br />It appears that this case would be protective.  It isn‚Äôt flimsy.  It looked nice.<br /><br />Very difficult to remove.",[],B0B7N9MFNV,B0B7N6BZ2G,AHREXOGQPZDA6354MHH4ETSF3MCQ,1672507312804,0,True,1
5.0,Great for Drawing,Great for drawing on the ipad....my daughter loves it.....the charge lasts a long time and works great!,[],B08JL9MLDS,B08P8B6LML,AGF42GID7QWDCNFTJRCTMKAITJJA,1641666263097,0,True,4
5.0,Great case for my old phone.,"Very pretty, very sturdy case. The buttons (on/off and volume) on the side work well. Cutouts match my phone Galaxy S8. Just wish I could find a match for it for my old tablet! I'm very pleased with it.",[],B09936HNKY,B09937XMK7,AHFR2P34DFCGTJYFLV4PLYFVF6IA,1640803414065,0,True,4
4.0,Four Stars,I like it sort of thick.,[],B017FZXEOG,B017FZXEOG,AHFURURV4H35BXUUTXYMJYA36CTQ,1470853412000,0,True,3
5.0,adjustable cell phone stand Anker,"I bought this because I have to sent lengthy emails from cell phone sometimes and so I attach a portable keyboard and use this stand to hold up my cell phone in a useful, hands-free position.  It works well.  It's about 3 1/2&#34; wide, the tray portion is about 2 3/4&#34; tall.  It holds my Samsung G7 vertically or horizontally WITH a slim case on it.  If you have a really thick case it might not fit in the little lower lip, but probably could still rest above it.  The base has two little rubber spots to help it stay put on slippery surfaces. You can set the easel back to any position that works using the side button (on the top of the easel - left hand side).  It is a flat black in color. The only other thing I could say about it is that is fairly heavy.  I had a pouch from something else and I drop into that to carry about. It adds significant weight to my purse, so I don't carry it everywhere.  It's sturdy!  I never hesitate to update my review should new info see useful.",[],B00N1VDCGO,B00N1VDCGO,AFZUK3MTBIBEDQOPAK3OATUOUKLA,1501275082616,1,True,3
4.0,Works Well and Priced Well,These are very cheap and work well.  Only thing I don't like is it is so hard to clear all microscopic dust particles from the phone and protector before applying.  I ruined the first one immediately.  The second one went on a little better but it wasn't until I put the third one on that I had it clear of all bubbles.,[],B00V5WQL14,B00V5WQL14,AGUQFBJGLRCTSY42ZQJDKNF7ZQRQ,1453515723000,0,True,3
5.0,This is a great cover,"It fits well, and isn't bulky.  I think it will protect from drops as described.  It was very easy to put on and doesn't interfere with any of the functions.  Fits well with all buttons being lined up with cover.",[],B00Z7RMSX8,B07D89P7D4,AHATA6X6MYTC3VNBFJ3WIYVK257A,1541431025878,0,False,4
5.0,Works good!,Bought to do my live videos for my business.  Works great once you get it to balance.,[],B07ZD72X7G,B098D4HVGM,AGTXCV4I4U63O43O3KIZAN76U2UQ,1594396117432,1,True,4
2.0,Two Stars,It was supposed to fit the phone i ordered. Nope!!!!!,[],B008NAYNBG,B008NAYNBG,AEHVSZ72XXI4SU6XUNXMJAXUYN6Q,1467516432000,0,True,1
5.0,so gorgeous,Beautiful!!!!,[],B0793PF8YZ,B0793PF8YZ,AH4CGRSYSW5CWLRGQYRZKNJBUPAA,1590483270071,0,True,4
5.0,Five Stars,Great! Sturdy and nice art work. I like the pockets and optional strap.,[],B017S6PKH6,B017S6PKH6,AFAX43IN46NU5GHTTOOON3EQNW2A,1485794607000,0,True,4
5.0,bright orange watch band,"My husband is all about safety colors and this band fits his needs.  BRIGHT safety orange.  Too each his own.  It's a woven material and pretty tough.  We buy several  - cause once they are dirty, it's really time to unhand them.  He changes them about 1x per year.  Easy to install with the type of watch he has - read the info carefully to make sure you get the right width and you're set.",[],B07KW8TVD7,B08GK8FP2C,AFZUK3MTBIBEDQOPAK3OATUOUKLA,1565065572422,0,True,4
5.0,This adapter works great,"Makes it really convenient to charge more than one item when there are fewer outlets in the room.<br />Hotels are getting better, but we have so many electronics to charge, we generally need more places to plug in.  This helps solve that problem.",[],B08BS66MYZ,B088V89B5R,AHATA6X6MYTC3VNBFJ3WIYVK257A,1618415944499,0,False,4
5.0,Fast,Fast charging,[],B085HFJCKW,B085HFJCKW,AFQLNQNQYFWQZPJQZS6V3NZU4QBQ,1606084321645,0,True,4
1.0,Buyer BEWARE!!,"This product is cheaply made, some of the parts are missing, and the directions do not help at all. The product is not as represented both in the description and what I received is nothing like what i see in many of the customer photos. It would cost me more to return this than I paid for it, so in the trash it's going.",[],B07W3MY3K1,B07WL84BCC,AFEIN7QWSQ6EFW45LKD7ZOCSMLGQ,1615589329739,0,True,0
4.0,This case isn't bulky and seems to add a good bit of protection against drops,Lightweight and strong.  This case isn't bulky and seems to add a good bit of protection against drops.<br /><br />Recommended item,[],B00Z7TFRG6,B00Z7TFRG6,AHATA6X6MYTC3VNBFJ3WIYVK257A,1477355914000,1,False,3
5.0,These work!,These really work! I like having one in my bathroom near the medicine cabinet when I'm getting ready for work and one on the wall by my desk connected to the charger. This way I don't lose it or get water on it.,[],B07MV4KV8S,B09TSCZWX5,AGKHLEW2SOWHNMFQIJGBECAF7INQ,1557757060457,1,True,4
5.0,I love my leather iPhone case,"I love my leather iPhone case. With room for cards and money, I no longer need to carry a handbag. It's great protection for the phone, and is made of quality leather. U<br />I got it for my iPhone 6, then upgraded to the iPhone 7. The new phone fits, but the camera lens doesn't match up with the case, so I bought the same wallet for the new phone.",[],B01JU8YTX6,B01JU8YTX6,AHZ6XMOLEWA67S3TX7IWEXXGWSOA,1491624908000,0,True,4
4.0,Love it,"In general I am happy with this product. The edges are very sharp, so I smoothed it out with sandpaper. I minus one star for that. It‚Äôs a pretty tight fit. No rattling when I‚Äôm driving. iPhone 13 pro max sits well in it.","[{'small_image_url': 'https://m.media-amazon.com/images/I/61NA-gNO3XL._SL256_.jpg', 'medium_image_url': 'https://m.media-amazon.com/images/I/61NA-gNO3XL._SL800_.jpg', 'large_image_url': 'https://m.media-amazon.com/images/I/61NA-gNO3XL._SL1600_.jpg', 'attachment_type': 'IMAGE'}, {'small_image_url': 'https://m.media-amazon.com/images/I/71raC6TMJ0L._SL256_.jpg', 'medium_image_url': 'https://m.media-amazon.com/images/I/71raC6TMJ0L._SL800_.jpg', 'large_image_url': 'https://m.media-amazon.com/images/I/71raC6TMJ0L._SL1600_.jpg', 'attachment_type': 'IMAGE'}]",B093BQPSJL,B0BB6YD8TC,AG7WKTZINOFIXMZJYIPKIB7PV7NQ,1655959227219,0,True,3
5.0,Tracker,Stand is a great addition for me it is a little tricky to push the tracker on without it pushing the tracker face out of the band.,[],B01H3WHNEI,B0C3733NYF,AHFURURV4H35BXUUTXYMJYA36CTQ,1588927137554,0,True,3
5.0,Pretty,I like the design & the weight of the case feels comfortable,[],B075G6V9D3,B0C46FWSFN,AET3VOB7PYHAKDAPEDTFGPSEE6QQ,1544551095195,0,True,3
5.0,Satisfied customer,Great!,[],B08X1CNNNM,B0992LHVWK,AHNTNORB4V4WEELIYXTSKV56Y4AA,1644188957220,0,True,4
1.0,Cheap,Soft plastic let's too much moisture get under the cover. Always needing to remove it to dry my watch.,[],B09MW172NM,B09CDSQDFZ,AEYEP6B5W5QBNMM4OBQBQJDJ63SA,1678069403851,0,True,1
1.0,Too many ads. Can't hook up to verizon,"Too many ads. Can't set lockscreen image because an ad is always in front of it. Ads also pop up during normal use as well.<br /><br />Can't get it to hook up to verizon network.  It won't accept the sim card.<br /><br />Phone doesnt lag or have issues running multiple apps. Only issue is with the ads<br /><br />We expected ads, but not so many and some are videos that run when I'm trying to do something.<br /><br />This would be good for an emergency temporary phone.",[],B075QWLV3J,B075QWLV3J,AHATA6X6MYTC3VNBFJ3WIYVK257A,1523122578834,0,False,1
4.0,Beautiful Case!,"I have had my Pixel 4a for about a month. When I ordered it, I also ordered the official blue knit phone case mainly because there weren't a lot of phone case options for it then. It's a beautiful case. When I saw this available in Black, I decided to order it. Over the month, the blue case doesn't look as nice and new. The case has a good feel to it when you're holding it. I like the small G on the back. The case is easy to put on and take off. My last phone case (for my old phone) was an Otterbox and that was not easy to put on and take off. The case doesn't interfere with the buttons. It's not slippery, however, I have dropped my phone more than I have ever dropped my previous ones. I have not figured out why though. And as a result of that, my screen protector has several small cracks on it. Thank goodness for the screen protector! The case doesn't extend above the edge of the surface of the screen which could be the problem. I have even taken the protector off just to make sure that cracks were on the protector and not the screen. Overall, I love the appearance of the case, but I just like the performance of it.",[],B089QX5WBW,B08DV6YHGT,AHV6QCNBJNSGLATP56JAWJ3C4G2A,1600893432276,0,False,3
5.0,Fun little gift,For a very small price you can spruce up your iPhone and personalize it too. Get lots of nice comments. For such a small price.,[],B007UE41H2,B007UE41H2,AF2Y4ZTHLJB72VUEMDRQAJDLJI3A,1365397083000,0,True,3
5.0,Nice,Very nice,"[{'small_image_url': 'https://m.media-amazon.com/images/I/61Rk8VDpqwL._SL256_.jpg', 'medium_image_url': 'https://m.media-amazon.com/images/I/61Rk8VDpqwL._SL800_.jpg', 'large_image_url': 'https://m.media-amazon.com/images/I/61Rk8VDpqwL._SL1600_.jpg', 'attachment_type': 'IMAGE'}]",B09XB9M7K4,B09N8XT7W7,AH67BI7JTOFR35HMZYFVOEHM4CPQ,1673472447919,0,True,4
2.0,no good,awful case for protection. Very pretty to look at but would not suggest,[],B085G326QJ,B085G326QJ,AGMXMZWCPYOPWYT3AGRU25Y7QLOQ,1591475363847,0,True,0
4.0,good fit for A10,good quality,[],B07P6L1CYG,B07P6L1CYG,AHNTNORB4V4WEELIYXTSKV56Y4AA,1571738369420,0,True,3
5.0,Durable t,"This is my 3rd case. Every time I get a new phone they are slightly bigger so I get a new case.  The blue and purple one is my favorite. I don't drop my phone too often but when I did this protector did exactly what it was supposed to. It saved my phone. Love the bling , makes me happy üòä. Definitely would recommend this little gem.",[],B08V7BQ9ZF,B092RP9K4Q,AH6CATODIVPVUOJEWHRSRCSKAOHA,1658766295349,0,True,4
5.0,Pretty!,stunning case.,[],B07MFHPD61,B07MFHPD61,AH4O5W3EM4CKQGHMBVTSPCJRYF7Q,1596302738282,0,True,4
4.0,Works great for youtube videos.,We have been using it for a few months for YouTube videos. I do wish it had an option to clip onto the front of a DSLR as well as the tripod. Haven't had any issues with it yet. What I like most is each color option also has intensity options.,[],B07D3SJP8J,B07D3SJP8J,AHATA6X6MYTC3VNBFJ3WIYVK257A,1562795454741,0,False,3
4.0,Pretty phone case,"This is a cute phone case. It's very thin and I am not sure how safe my daughter's phone is, but she rotates phone cases practically every day, so it will be okay. My daughter really likes the design. For the price it's a deal.<br /><br />*So apparently I purchased two different phone cases here for my daughter. She picked them both out. They're both cute, but thin.  So far they've done a good job of protecting her phone. She also uses a screen protector too.","[{'small_image_url': 'https://images-na.ssl-images-amazon.com/images/I/517O4fGu8HL._SL256_.jpg', 'medium_image_url': 'https://images-na.ssl-images-amazon.com/images/I/517O4fGu8HL._SL800_.jpg', 'large_image_url': 'https://images-na.ssl-images-amazon.com/images/I/517O4fGu8HL._SL1600_.jpg', 'attachment_type': 'IMAGE'}, {'small_image_url': 'https://images-na.ssl-images-amazon.com/images/I/51a1xkRn2xL._SL256_.jpg', 'medium_image_url': 'https://images-na.ssl-images-amazon.com/images/I/51a1xkRn2xL._SL800_.jpg', 'large_image_url': 'https://images-na.ssl-images-amazon.com/images/I/51a1xkRn2xL._SL1600_.jpg', 'attachment_type': 'IMAGE'}]",B00V5HOCD8,B00V5HOCD8,AHV6QCNBJNSGLATP56JAWJ3C4G2A,1453683479000,2,True,3
5.0,this phone is the best phone I have ever owned,"I have trac fone and have had it for years, this phone is the best phone I have ever owned ... love it",[],B071FBVP5J,B071FBVP5J,AEDRFOIY6IFY7DWSPRRNGEFIFE2Q,1529251820572,1,True,4
4.0,so far so good,"It's funny because the instructions say to put a piece of paper inside and &#34;try it&#34; underwater first.  It IS a trick to seal properly but once you do, it's good.  While we didn't &#34;dunk&#34; our phones in the water, we use them are more of a water repellent than a dunker.  The stylus is really worthless.  It is a little tricky to use your finger, over the plastic, but that works better than they stylus.  Oh, we both have Samsung Galaxy 3s.",[],B00AK1GN4Q,B00AK1GN4Q,AFZUK3MTBIBEDQOPAK3OATUOUKLA,1394991169000,0,True,3
4.0,"Very strong protection, good for the price.","Really like this case, it protects really well and looks good, although if I have to be honest I hate the material it is made of, but on the other side the fact the material is tough is what makes it a good protection for this phone in particular so I'm glad it is that way anyway. What I truly did not like in the end though was that the brand name is at the back in big bold letters, it doesn't show as much on the product description pic, but it's pretty noticeable in person. I mean it's in big bold white letters so it stands out and I'm not quite sure I like that, makes it look a bit cheap imo.",[],B01D1OGCXA,B01D1OGCXA,AFA26DYXVLJYTYZ3KET77GE27N2A,1480618778000,0,True,3
5.0,"Love, love  and I get so many compliments!",Love this.....it's amazing and haven't lost any gems.  When others see it they want it!  So I tell them where to buy it!!!!,[],B07P9544RP,B09JSXJ7X3,AGBUJDDLRJIUJFTKPABJT6CJTHRQ,1576168322121,1,True,4
5.0,This case protects the phone very well,"The color of this otterbox Commuter Series case fits properly and protects the phone well.  It's easy to grip.  I love the color.  Now, the phone is protected and attractive.  It's good for a 3 foot drop for sure!",[],B00Z7RQQGS,B07H9LHX7M,AHATA6X6MYTC3VNBFJ3WIYVK257A,1564150331746,0,False,4
5.0,From Nebraska/ Go Huskers!,My husband loves it!,[],B079KNZ9XD,B079KNZ9XD,AH5L7ILVA6HYLZOUZIQAWNHVVK3A,1568784202530,0,True,4
4.0,Set of 4,"We have been slowly adding all of our lights, and some other electronics, to our Google Home. This is a set of 4 smart outlets. It does require the downloading of an app, but once downloaded, we can control from our Google Home app. It works as it should. As long as we remember the names of our outlets and lights, using the Google Home to control everything is easy and convenient. My husband often controls things directly from the Google Home app so he doesn't have to worry about what we name them. We have been pleased with this, so far.",[],B08NL3CJD6,B0B97CWZBD,AHV6QCNBJNSGLATP56JAWJ3C4G2A,1629730581121,0,False,4
4.0,Seein is believing that's only proof by one you'll see yourself the durrance long lasting You has,Really nothing I don't have to charge in a couple of days last that law such energy such power I should this a long time ago,[],B07MW7ZQVN,B07MW7ZQVN,AFUZ5E7QAHSVTLIY253GFAYZPN2Q,1611422480932,0,True,4
5.0,samsung disk player,"Hooked up quickly... works great.  Had everything we needed, included.  Using in a spare bedroom.  Doesn't take up a bunch of space. Has a remote.  Easy to use.  So far, so good... but I never hesitate to update should new info seem useful.",[],B01MTR382M,B01MTR382M,AFZUK3MTBIBEDQOPAK3OATUOUKLA,1517255875104,0,True,4
2.0,"So frustrating, nice when it works","I had one that lasted for about a year. I bought another when that one suddenly stopped working. The second unit quit before I had it for two months. The third unit also quit before the two month mark. This is so handy and nice when it works, but they sure don‚Äôt last long. We do not use this excessively. It is usually used to charge two iPads and sometimes a phone overnight. I‚Äôd say pass on this unless you are okay spending $50 for two months of use.",[],B07SBPZ86W,B084JC91M4,AHXBL3QDWZGJYH7A5CMPFNUPMF7Q,1650242204589,0,True,1
5.0,Absolutely beautiful,Beautiful piece,[],B08BRBY1PK,B08BR8NSWX,AF7ZINXE6MF5H7AGHIMQIOBTRPOQ,1617814543678,0,True,4
3.0,Protects well,"This is my second case from this manufacturer. With the first one, after about two months, the ring broke off because the only thing holding it on there is flimsy plastic.. The metal ring was very tight and hard to turn and eventually it just gave up and broke. The second one I ordered, which I am using now, the ring is very loose so it is useless to prop your phone up. The phone just falls flat when you try to use the ring.  The fact that it‚Äôs a square and not round makes it a little harder to get it in a comfortable position to hold it with your finger. I will definitely be looking for a case with a sturdier ring. That won‚Äôt be easy because on most cases with a ring they are very poorly constructed.",[],B08XNJ1TVK,B08WZKWCJ4,AE4L2LH55JNFCLHFXFC7YOEQSBIA,1658371438702,0,True,2
5.0,Works great,Works great on my iPhone 13 pro max. Very clear and was easy to put on. No bubbles<br />.,[],B09MPYWT78,B09MPYWT78,AFJBKPK5W56XWSNPQU2WW66ISWYQ,1651714101454,0,False,4
4.0,"Definitely Offers Great Phone Protection, but......","I have been wanting a real OtterBox phone case for years. I have been jealous of all my friends who have them, but I always get the cheap Android phones that never have OtterBox compatible cases. I've ordered some for my daughter who has an iPhone. Even my husband had one with a previous phone, but not me. Well, I just got a new phone (okay, a last year's model) this summer and guess what! There are OtterBox cases that are designed for it. I can't tell you how excited I was! After a few days of carefully holding my phone because it didn't have a case on it, my OtterBox arrived. I  opened the box and immediately started pulling off the plastic screen protector that was attached to the case. It was in there good and tight, but I eventually tore it away. Well, guess what? You're not supposed to remove that! I did read some other reviews and a message board and learned that some people do remove it, so I don't feel like a total loser, but still......  I ordered a screen protector separately, so it was still protected. Now back to the case. It was a little difficult to get it on the phone, but once I did, I don't think it's ever going to come off, at least until I want it to come off. It's a great looking case and I feel that it offers superb protection. There are just a few things I'm not crazy about. One,  I use a magnetic air vent phone holder for my car. The magnet slips in between the phone and the case. This case is too thick for the magnetic waves to hold it on the holder. I'm really disappointed about that. I could put a magnet on the outside of the phone case, but then the case won't look as good. Another thing that I am not fond of is that the audio output and the charging port both have covers on them. I understand the need to keep dust and such out, but it is annoying. I accidently didn't put my charging cable in all the way last night so my phone wasn't charged this morning. That cover piece had gotten in the way. Other than that, I'm happy with it. The case doesn't interfere with the volume controls. It is easy to grip. There is also an OtterBox Symmetry case available for my phone, so I may try that out to see if it takes care of my issues.",[],B00Z7SAQ5E,B07D8H81QS,AHV6QCNBJNSGLATP56JAWJ3C4G2A,1531933518099,0,False,2
5.0,Easy to Find & Charges Quickly!,"My husband & I have 2 teenagers. So between the 4 of us, we have 4 Android phones, 4 tablets, & 4 laptops. We go through a lot of micro USB cables. Over the years, I have learned that not all USB cables are created equally! First of all, the plastic the covers the ends of the cables is a solid material. We have had several cables that with use, bend or break in the place where the actual cable meets. Since this is all one piece on the ends, that's not going to happen. The cable is a good length. It's long enough that if it's plugged in a lower outlet, it can still reach the end table, but it's not too long that you have a lot of excess cable getting in the way. I love that it's available in a few different colors. I selected the lime green one so it's very easy to see which cable is mine! And if anyone walks away with it, I know which child has it! At first I had this in my car with a car charger. But over the last week, I never was in my car for more than 10 minutes at a time, so I couldn't get an accurate feel for whether or not it was a fast syncing cable. This morning I brought it inside and plugged into one of our charging stations. My phone was at 50% so I was curious to learn how quickly it would charge using this cable. Within 10 minutes my phone had charged  an additional 10%. When I checked thirty minutes later, it was fully charged. I was quite pleased with that. I have a Nexus 5 phone and depending on where I am charging it, it often takes longer than that.<br /><br />*I received the Haweel Micro USB cable for the purpose of trying it out & reviewing it. My thoughts & opinions are my own.",[],B011O3AW4K,B011O3AW4K,AHV6QCNBJNSGLATP56JAWJ3C4G2A,1441481282000,0,False,3
5.0,Five Stars,Love the compartment.,[],B06XNW4YD8,B06XNW4YD8,AF7ZINXE6MF5H7AGHIMQIOBTRPOQ,1494611131000,0,True,4
1.0,It‚Äôs cheap not sure what more you‚Äôd expect,It‚Äôs comfortable but stretches out super easily. I‚Äôve worn it for about a week and it wasn‚Äôt even skin tight or anything I could slide a finger under without it being tight but I‚Äôve had to keep retightening it because it‚Äôs stretching for some reason and the metal part that hooks into my Fitbit has scratched it a little somehow.<br />Update 2: it has not only scratched my actual Fitbit but the metal on the band is now rusting and it‚Äôs only been a few months and hasn‚Äôt come into contact with anything that would cause it to rust.,[],B08L4S3PM3,B08L4S2BN4,AFSCQMP2EPYLGJN7OBTMEXCBE2OQ,1619205390135,0,True,2
5.0,It's a great gift and a great product.,I got this for my mom and she loves it! It's a great wallet and durable for sure! The phone hangs on really well. Its cute too!,[],B0837TSTN8,B0837TYH8C,AEZSZS7UV44CAJJR5FNEM4DZCWTQ,1593195605376,1,True,4
5.0,Nice case,"Very easy to put on. Fits Iphone 7 perfectly. Has a plastic screen protecter. Only drawback for some is there isnt a clip on the back for men to clip on belts. For women,goes right into pocket or purse.",[],B07LB3CHKM,B07LB3CHKM,AFFZVSTUS3U2ZD22A2NPZSKOCPGQ,1565759805870,0,False,3
5.0,Quality item,Beautiful high quality phone wallet.  The magnetic clasp is great.,[],B07X7YL4TL,B094FSS89F,AHZ6XMOLEWA67S3TX7IWEXXGWSOA,1582758366816,0,True,4
1.0,Really this is a rip off,If you can find one somewhere else. $32 for this is a rip off.,[],B08NRNNH9H,B08NRNNH9H,AFAMOLAPKR3M2NPTMB362T2Q5RBQ,1635160450330,0,True,0
5.0,Love it,This is the perfect holder for my 2014 Mitsubishi Outlander.  Placement of phone is ideal,[],B07PHCFPCP,B07PHCFPCP,AHNAOQRKXEQI7U7FBGHAWLZGHECQ,1566069221742,0,True,4
3.0,"Great Magnet, Bad Adhesive","Magnet is really strong, however the adhesive to stick it onto the base is not sticky enough and will not stay. Therefore, I used some two sided tape I have and was able to keep and use the product.",[],B0859VRH6C,B0BN5283QJ,AGIAAM4LSGEGLP4IMKCFZ6OQQXSA,1616091185363,0,True,2
4.0,Good watch band for the price,Good band for the price.,[],B07RGHW1LL,B0C145R812,AHUVQ4UNB2JGV6MY4ZT75SZLPUBQ,1658349331205,0,True,3
5.0,Will recommend,Unique & pretty. Nice sizing abilities with the chain.,[],B076HNKY9N,B076HNKY9N,AEWJXW46LKSW22FWTGRYTLNE7TGA,1515884243625,0,True,4
3.0,"A tiny bit defected, but too lazy to return it","It was easy to insert the pen, it feels nice and cover tip can be used as a stylus. However I deducted 2 stars because there‚Äôs a gap between the body and the cap. It‚Äôs not fully covered as the sellers image advertised","[{'small_image_url': 'https://images-na.ssl-images-amazon.com/images/I/618p0KIAEuL._SL256_.jpg', 'medium_image_url': 'https://images-na.ssl-images-amazon.com/images/I/618p0KIAEuL._SL800_.jpg', 'large_image_url': 'https://images-na.ssl-images-amazon.com/images/I/618p0KIAEuL.jpg', 'attachment_type': 'IMAGE'}]",B07KQRJRBM,B07KQRJRBM,AG7WKTZINOFIXMZJYIPKIB7PV7NQ,1550702020504,0,True,1
5.0,Great Phone Protection,"My daughter has this case on her iPhone 6. It fits the phone well though it does not completely line up with her phone's camera. However, it doesn't interfere with the camera, so she's fine with it. It is sturdy and offers great phone protection. It's not too bulky either. It is what we would expect from the OtterBox brand.",[],B00Z7S3804,B0BVLY92D8,AHV6QCNBJNSGLATP56JAWJ3C4G2A,1518743739266,0,False,3
5.0,Excellent protection,"Excellent protection, for my beautiful Amazon Fire phone, love it.",[],B00LTI39SM,B00LTI39SM,AH3OG6QD6EDJGZRVCFKV4B66VWNQ,1438561984000,0,True,4
4.0,LOVE THESES,"GOT 2 OF THEM ONE FOR ME AND ONE FOR MY SIS...EASY TO FIND AND USE, SHOULD MAKE LIFE EASIER",[],B0059KTEBC,B0059KTEBC,AG7FS5EQU2WOSBFNQGDY3VP25LVA,1352837224000,0,True,4
5.0,type C charging cords,"So far, so good.  They work well with my Galaxy tablet and my samsung S10+ - charging them.  I never hesitate to update my reviews should new info seem useful.",[],B07Q4TNJFK,B07Q4TNJFK,AFZUK3MTBIBEDQOPAK3OATUOUKLA,1586388258687,0,True,4
1.0,Not worth the money they are asking.,This product feels like a dollar store case.  The case does not feel nice at all.  Im use to nicer cases that cosr just a few dollars more.  The buttons don't stand out much and keep hitting my volume rocker.,[],B00F3KP156,B00F3KP156,AGKKAXZPXFYIBA3N53YNJYU2AT3Q,1469470445000,0,True,1
1.0,Breaks easily,Although the case claims to be &#34;lifeproof&#34; it cracks easily. Pieces of the case completely fell off. I cant see how it's suppose to protect a phone from almost anything when it can hardly remain intact. I wouldn't suggest this case to anyone.,[],B00AIH0IAC,B00AIH0IAC,AH5KA4H3HEBROHEZTG2MLMZZUORQ,1377638974000,2,False,0
5.0,Excellent Protection,"""  The first thing which impressed me was the ease of installation. Also, it was the first screen protector I‚Äôve had in a while where there was not multiple air bubbles left after I installed it. The clarity of the screen protector and the touch sensitivity is excellent. I am looking forward to see how well it resists fingerprints.","[{'small_image_url': 'https://images-na.ssl-images-amazon.com/images/I/71pSmf7hD4L._SL256_.jpg', 'medium_image_url': 'https://images-na.ssl-images-amazon.com/images/I/71pSmf7hD4L._SL800_.jpg', 'large_image_url': 'https://images-na.ssl-images-amazon.com/images/I/71pSmf7hD4L.jpg', 'attachment_type': 'IMAGE'}]",B07KWB4V75,B0C3ZMVDGG,AE4L2LH55JNFCLHFXFC7YOEQSBIA,1592324937992,0,True,4
5.0,Two outlets. One fast charger,"Very happy with this. the cords are long, the charger fast, it's nice to get this with two outlets.  I will comment on durability later.",[],B0B63ST6W9,B0B63ST6W9,AEZ26WGWJ3EOQ4KWSHG77HJAG4EA,1663843653793,0,False,4
4.0,nice and heavy,it has some weight to it  which is what i wanted  i just got a stylo 5 and the other couple of cases i bought are too slippery  .. this one i what i wanted  that rugged tirey feel to it  for my clumsy hands  the only thing the kickstand only goes in one direction i think  i cant see how it would turn so i can have it standing up  but thats ok  i have a  cell phone stand i guess  id give it a 5 if the kickstand would turn in both directions,[],B07R2DBQL2,B07R2CFFSG,AHGAOIZVODNHYMNCBV4DECZH42UQ,1565642172366,0,True,3
5.0,Great minimal cover,Works perfectly for me. I have a pop socket super glued to the back for better grip and it works great. I've had a few drops and it's provided enough protection that my phone hasn't been damaged at all. I dig it.,[],B07SW1W9F1,B07SW1W9F1,AGUQFBJGLRCTSY42ZQJDKNF7ZQRQ,1577019808324,0,True,4
4.0,Excellent wallet and phone case.,"Very cute case. I love the fact that the phone portion disconnect from the main wallet so that it becomes easier to use. It connects using a magnet which although it's strong, my phone sometimes falls apart if I'm not carrying it correctly or it falls out of my hand. So far it's held up well and the many pockets on the wallet side are perfect. There is even a little area that can hold folded up cash which allows me to leave my main wallet at home and use this exclusively. I would definitely recommend and would buy again.",[],B07FQFM4KQ,B07FQMR775,AFO3G62P2JXCNMWZTAIB56KPG56A,1569107044078,0,True,4
5.0,Very good quality,"Been using this brand of phone case for almost 10 years. Still love it! Lightweight, durable, low price!",[],B096J9ZSG1,B096HLB5WB,AG7WKTZINOFIXMZJYIPKIB7PV7NQ,1637644736272,0,True,4
5.0,Great value,This pen works great with my iPad Pro. Long battery power that easily last for days with my use. I use at work to take notes and also use for drawing.,[],B0B7QGZWCX,B0B7QDY432,AFJBKPK5W56XWSNPQU2WW66ISWYQ,1669330292727,0,False,4
5.0,Great charger!,"These do exactly what they are designed to do, charge my phone. It was a great value!",[],B09D7G1YT6,B0C6F25P2P,AH64T2MRMNF76UENPWCIMMCYTSZA,1678317332965,0,True,4
5.0,Very nice,"Purchased for my husband, he loves it and its made good, looks nice",[],B07HGTYRGX,B07HGTYRGX,AEQAYV7RXZEBXMQIQPL6KCT2CFWQ,1565308749832,0,True,4
5.0,Five Stars,Nice looking.,[],B079T26SLD,B079T26SLD,AHACLF2COQQE2V33ZFXQ7THZOJ2Q,1520962204056,0,True,4
3.0,Good case,"I had to change my previous review. It seemed like a good, sturdy case, but one drop and it cracked. It definitely wasn't worth the money.",[],B09NR7L5FL,B09NR7L5FL,AFGEM6BXCYHUILEOA3P2ZYBEF2TA,1673666170809,0,True,2
4.0,Great value,These look good and provide good protection. Easy to put my watch in and out. Overall very pleased.,[],B0BHSWV9JQ,B0BHSRPXVG,AFJBKPK5W56XWSNPQU2WW66ISWYQ,1678994534951,0,False,4
5.0,Great iPhone case.,Love it!  So pretty on my red iPhone!  The quality and durability seem great! I would definitely look for this product/Company next time I need a phone case.,"[{'small_image_url': 'https://images-na.ssl-images-amazon.com/images/I/81ZXiQvEphL._SL256_.jpg', 'medium_image_url': 'https://images-na.ssl-images-amazon.com/images/I/81ZXiQvEphL._SL800_.jpg', 'large_image_url': 'https://images-na.ssl-images-amazon.com/images/I/81ZXiQvEphL.jpg', 'attachment_type': 'IMAGE'}]",B01M1MHVEA,B0B9JMKXW5,AHLQJVWRY6DXKJNTAP4UFXK5WLAQ,1573834845613,0,True,4
5.0,Ring,"Love the touch of Rhine stones in the ring, the color is very bright and doesn‚Äôt appear cheap looking. It‚Äôs sturdy supports my phone high enough for me to view sitting on a surface two different ways and still fits into my back pockets without peeling off when I remove it from my back pockets like the pop sockets do.",[],B07J9Q794H,B081BMNVKM,AHFURURV4H35BXUUTXYMJYA36CTQ,1619796224550,0,True,4
1.0,Very Disappointed,I have always used Speck cases and this is the first one I have been disappointed with.  It is a little loose so it wiggles around. The buttons are very difficult to push. Scratches very easily. Looked terrible after only a week.,[],B07VLP1M4M,B0BMKF71S3,AG2UEDPK43QC5AU6HZTCBANPW2FQ,1573748796148,0,True,0
5.0,Top-notch!,"This phone case is a work of art. Beautiful!  Fits my phone perfectly, every high quality. I‚Äôm about to order two more for my sons. Quit shopping for phone cases and buy this one. You‚Äôll be pleased.",[],B01LA5Y5JK,B01LA5Y5JK,AF3HNAQK2URNEBAZQCRZGSPBU5FQ,1521915407973,0,True,4
4.0,Works With My Magnetic Phone Holder in the Car,"I just recently got a new phone and was so excited to find out that there were OtterBox cases for it. My last several phones have never been popular enough to have brand name cases available for them. I tried the Defender first. I really liked the case and the level of protection that it offered, but it was too thick that it didn't work with the magnetic phone holder that I use in the car. This Symmetry case does work with it. It also works with wireless charging where the Defender case did not. It's thinner and easier to put on your phone and take it off. I feel that there's adequate protection, but definitely not as tough as the Defender. The color is cute, but with the logo grooves, I'm already seeing dirt in some of the letters. A darker phone case would hide that better. The case does not interfere with the controls. The edge around the screen is raised. Overall, it's a good phone case. For my personal use, the level of protection is adequate.",[],B00Z7SCINM,B00Z7SI3KO,AHV6QCNBJNSGLATP56JAWJ3C4G2A,1532697569619,0,False,3
5.0,galaxy tab charger,"I have a galaxy tab 2 and for some reason the after market charger cords I have been purchasing just haven't worked.  So I thought I'd try this - it worked better than any of the other cords.  So I purchased one for home, one for travel. The cord and plug in box are white.  I never hesitate to update my reviews should new info seem useful.",[],9784235951,B01LLLISAK,AFZUK3MTBIBEDQOPAK3OATUOUKLA,1569557212320,1,True,3
5.0,"USB C charger cord, set of 3","USB C charger cords - set of three.  They are a little tough to coil, because they supposed to be stronger - not as easily breakable.  So far so good. I never hesitate to update my reviews should new info seem useful.",[],B07PDPCRP4,B085W5XVV6,AFZUK3MTBIBEDQOPAK3OATUOUKLA,1655849035403,0,True,3
5.0,Great case!,Best case for the best phone,[],B075RR9S4C,B075RR9S4C,AG5KDDU7RCGXHBA6BPPXXW3IP6UA,1527482135101,0,True,4
4.0,This case does it's job protecting the Galaxy S8+,It's attractive and not slippery.  It protects the phone from waist height drops (don't want to find out any other height drops) haha!,[],B06WRPB66F,B071V8V6R5,AHATA6X6MYTC3VNBFJ3WIYVK257A,1576081117799,0,False,3
4.0,Four Stars,The color is really vibrant. Fits my phone well.,[],B010P6L0PC,B010P6L0PC,AHW7W34BLHHC4AYM4TPMLA2SWMMA,1471959589000,0,True,3
5.0,Nice,Love these chargers,[],B08ZXRYV2L,B0BY8Q3364,AH67BI7JTOFR35HMZYFVOEHM4CPQ,1673471731562,0,True,4
5.0,Absolutely the best!!,My phone flew out the window on a rally turn at approx 50mph The next day we went to the same spot and there it was face down on the road without a scratch!! Not only great protection but not clunky and bulky looking like other otter boxes. Absolutely amazing. Don't mess around with other brands this one's the best,[],B08NCST6M1,B08NCST6M1,AEMJ2EG5ODOCYUTI54NBXZHDJGSQ,1661913697376,0,True,4
5.0,This works fantastic,"It really helps in areas with weak cell phone areas.  It's a bit of work to install, but the booster really helps when traveling in unknown places.  Makes me feel better about venturing out.",[],B073V5S3T7,B09D4ZZLCX,AHATA6X6MYTC3VNBFJ3WIYVK257A,1556163412473,0,False,4
5.0,Nice overall,"I think it‚Äôs great. Just got it today. Zipper concerns me, it feels a little cheap, but we shall see.",[],B071K8DLPD,B071K8DLPD,AER3KQQTR7T3N6ZIOUMB4VDALL2Q,1556075982625,0,True,3
1.0,phone rings,The edges are SHARP.  Too sharp to use on your finger!  I thew them away.,[],B074Z7C9BW,B074Z7C9BW,AFZUK3MTBIBEDQOPAK3OATUOUKLA,1554340560470,0,True,1
5.0,Works great,This is working great to charge my iPhone 13 pro max. Attaches magnetically to the back even with my case on. Gets a little warm but not much.,[],B09XQM9XLL,B09XQM9XLL,AFJBKPK5W56XWSNPQU2WW66ISWYQ,1656544462332,1,False,4
4.0,A pretty good case..,I like the case. It fits perfectly and the pockets are great for holding ID and debit card. I wish it had the sensor that unlocked the screen when the case is opened but for the price I didn't expect much. A good case for the Stylo.,[],B016096K3A,B016096K3A,AFO3G62P2JXCNMWZTAIB56KPG56A,1482243120000,0,True,3
1.0,One Star,Fell apart right away.  Clamps get in the way of the buttons on iPhone 5,[],B00EYNRJOE,B00EYNRJOE,AET3VOB7PYHAKDAPEDTFGPSEE6QQ,1409721104000,0,True,0
5.0,VERY NICE,LOVED IT,[],B084HLBQBJ,B084HLCJVR,AEYFU5FQAJYXFREC4KHQ34EGZ3LQ,1599268700400,0,True,4
4.0,Nicely made with quality material.,Removable magnetic phone case is handy.  Beautiful genuine leather material is very nice looking.,[],B08P26DGKV,B08P26DGKV,AHZ6XMOLEWA67S3TX7IWEXXGWSOA,1633658179230,0,True,4
5.0,Awesome product,Works great!,[],B00JRGOKQ8,B00JRGOKQ8,AHITBJSS7KYUBVZPX7M2WJCOIVKQ,1449795457000,0,True,4
5.0,Room  for all my cards,Great replacement for a wallet. The phone case itself is removable from the base of the wallet. The magnetic hold of the phone is strong and sturdy,[],B08CR695PP,B08M3G4H3K,AGPR2UDFIJJCBA3EKFEEAJBWKROQ,1641591170067,0,True,4
5.0,Five Stars,awesome bracket! really am pleased!,[],B014DWZHRQ,B08FFYDFR4,AEFKF6R2GUSK2AWPSWRR4ZO36JVQ,1532071420446,0,True,4
5.0,apple watch protector screen,husband has an Iphone and was super excited to get the watch.  Says the cover is a must.  Fits perfectly.,[],B08KTBSXZF,B081HF1RK8,AFZUK3MTBIBEDQOPAK3OATUOUKLA,1630380264213,0,True,4
5.0,Pleased With It,"I ordered a set of these to use with my WizGear magnetic car mount. I didn't realize that some were included with my mount. I personally prefer the rectangle shape, but it's nice to have options. I just put mine inside my phone case, but my husband's phone case is thicker and that didn't work for him. So he used the adhesive and stuck it on to the outer back of his phone case. These work great with the phone mount. I am very pleased.",[],B00O2HYV7K,B09NMSHVNR,AHV6QCNBJNSGLATP56JAWJ3C4G2A,1500124416789,1,True,4
5.0,"bulky, but effective.","Works... It's large though... and heavy... Not really convenient for a purse because of size and weight, however, my husband keeps in his brief case/laptop case.  He likes that it holds a charge for a long time, recharges quickly and charges devices quickly. I always update with any issues.",[],B00X5SP0HC,B06XQV5DDP,AFZUK3MTBIBEDQOPAK3OATUOUKLA,1452478300000,0,True,3
1.0,Doesn‚Äôt protect screen,iPhone X it doesn‚Äôt protect the screen at all.,"[{'small_image_url': 'https://images-na.ssl-images-amazon.com/images/I/61DTQgPErSL._SL256_.jpg', 'medium_image_url': 'https://images-na.ssl-images-amazon.com/images/I/61DTQgPErSL._SL800_.jpg', 'large_image_url': 'https://images-na.ssl-images-amazon.com/images/I/61DTQgPErSL.jpg', 'attachment_type': 'IMAGE'}, {'small_image_url': 'https://images-na.ssl-images-amazon.com/images/I/71FpLnHsPlL._SL256_.jpg', 'medium_image_url': 'https://images-na.ssl-images-amazon.com/images/I/71FpLnHsPlL._SL800_.jpg', 'large_image_url': 'https://images-na.ssl-images-amazon.com/images/I/71FpLnHsPlL.jpg', 'attachment_type': 'IMAGE'}]",B07HRV5L9W,B07HRV5L9W,AG2UEDPK43QC5AU6HZTCBANPW2FQ,1553735410334,1,True,0
5.0,Works well,I use this for taking macro shots of my cannabis plants with my Android. Works well.,[],B01A6D2JVI,B01A6D2JVI,AGUQFBJGLRCTSY42ZQJDKNF7ZQRQ,1585536959466,1,True,4
5.0,Awesome casual look,"Great product. Easy to change band, easy to put on. Comfy and stylish.",[],B07V9MKGCL,B07V9MKGCL,AEPQUIWJI7FYDURUJIDWLMPBU2KA,1576250435584,0,True,4
5.0,aluminum selfie tripod,"I purchased this as a gift for a holiday family party - it was well traded and the person who ended up with it was thrilled.  It converts to a tripod as well.  Remote shutter is possible.  Having said this, I never hesitate to update my reviews should new info seem useful.",[],B07K7MSV25,B0C2BM8MJ9,AFZUK3MTBIBEDQOPAK3OATUOUKLA,1641409204258,0,True,4
5.0,Great,Works well !!! Coworker asked me ‚Äúwhat‚Äôs wrong with your screen? why is your screen so dark.‚Äù  ‚Ä¶. Nosy ‚Ä¶.,[],B099KB57C3,B099KS7TFM,AG7WKTZINOFIXMZJYIPKIB7PV7NQ,1638713045515,0,True,4
1.0,NOT A GOOD CASE TO PROTECT MY NEW S20+ ULTRA,Not a good case!  My phone fell 2x and both times my screen cracked.  I just bought a new case and screen protectors to cover the cracks.,[],B08CXLS66F,B08CXLS66F,AF7ZINXE6MF5H7AGHIMQIOBTRPOQ,1602425896471,0,True,0
5.0,Great power bank,These are the best . I‚Äôve bought 3 of them as gifts and one for myself . The charge lasts forever! It is heavy but that‚Äôs the price you pay for the longevity .,[],B075WSMYJT,B07HYXS2YF,AH5KA4H3HEBROHEZTG2MLMZZUORQ,1598877527138,0,True,4
4.0,Glad it came with 2 - updated after great customer service.,"Followed directions, even cleaned it screen with my Glass cleaner (new) rag. Had shower running but no luck getting these on without specs of dust.<br />I did try to lift off the 1st one and re do - failure. Glad there were 2, other one worked better but still has 2 specks of dust plus an air bubble I can't get out and I do not want to lift this off like the first one. YMMV on putting these are. They aren't as thick as the pricer ones but seem to work for now.<br /><br />Update: Anker reached out to see if we could fix the problem. They sent a new set and added additional directions.<br />I have updated the rating based on the assistance and what seems like a bit more improved screen protector.<br />The shower was running to put some humidity in the air, I used rubbing alcohol after the screen cleaner and we vacuumed the room prior.<br />a much better result.",[],B074YXH9WX,B074YXH9WX,AG35BKPUEUMX7LV5YLOQ5YCQ3GOA,1514398507407,0,True,2
5.0,Very nice,"Love it, keeps my phone protected and isn't a bulky case",[],B00Z7SOOWU,B0BKTXTT7B,AH2CJIKJPIIRDG264ZWX2UUQN5SQ,1522244345271,0,True,4
5.0,Well fit.,Looks strong. Nice shape.,[],B0839P6JCV,B09NS7314Z,AHACLF2COQQE2V33ZFXQ7THZOJ2Q,1600173895550,0,True,4
5.0,The best,Wow. This is the BEST tripod I‚Äôve ever had. I had another one that was horrible. This one is easy and sturdy. The reviews are all correct.,[],B07NWC3L95,B07NWC3L95,AGTHQ6ANUEV7VOOVAEFWVMFIILUA,1605389756383,0,True,4
5.0,Super Phone Holder!,My husband needed one for his phone and this one filled the bill! No need to go on and on!,[],B0051UH9QM,B0051UH9QM,AGPNK4LAUX7FV5LKFYB4NCZN32PQ,1363655869000,0,True,4
4.0,This is really cute. The little sparkles give the ...,This is really cute.  The little sparkles give the appearance of diamonds moving floatingly behind the image of the owl.  The head of the owl is suppose to be diamonds and in the feathers on the bottom. The cover fits perfectly on my phone!,[],B06ZYJPG4V,B06ZYJPG4V,AETGRH24MKFUFZ2KKTC2ZFYVYE5Q,1529004828422,0,True,4
4.0,Nice Phone Case,"My daughter loves to change her phone case. This is her latest one and she is really happy with it. It's a dark translucent case. She tried putting a photo underneath it but it is really too dark to see it. She's okay with that, she was just in the habit from doing that with her previous clear phone case. The case doesn't interfere with the buttons and controls of her phone. It adds adequate protection for her iPhone 7.",[],B082MZWZKL,B09SYQPV8Y,AHV6QCNBJNSGLATP56JAWJ3C4G2A,1584495597954,0,False,3
1.0,Barely lasted two months.,Stopped working pretty quickly.,[],B00UCZGS6S,B00UCZGS6S,AHCPZDDPHJE3G7M6ST5WGRPLXHOA,1650590678172,0,True,0
1.0,Sad,Not like what I thought not interchangeable with other popsockets very sad,[],B076N5Q7G4,B0B1QHKZQ9,AFH6JVL73CZOVTQ2LR3IG27HRNKQ,1596161160080,0,True,1
4.0,This phone cover fits  and protects well,"This phone coer fits and protects well.  It's  no otter box, but it does the job of protecting the phone from low drops and scratches.  It's pretty and a good deal vs buying something at the phone store.",[],B06VSXTJ8Q,B07255V2F5,AHATA6X6MYTC3VNBFJ3WIYVK257A,1557841420247,0,False,3
1.0,THIS IS AWFUL!!,"I have to purchase one of these every year because they don‚Äôt last long but I‚Äôm willing. However, this one is AWFUL!! The sound is turned all the way up on the UFO, as well as my device, and I can barely hear anything. I have tried several devices and it‚Äôs the same. Beyond that, I fully charged the battery and it died in just over an hour of use. This was a waste of my money‚Ä¶especially knowing I‚Äôd have to replace it soon anyway. I think it‚Äôs time to look for something else to replace this item with.",[],B08JVF3D18,B08JVF3D18,AFNEQKDVYISDAX242ZJZU5LFSRYQ,1639872854079,0,True,0
5.0,Very hard to get on !!!!,I could not get case on ...was going to send back had three people try and they couldnt do it .Honestly I said a prayer used a key to stretch  it out and got it ...It was a gift for my sister ....so I'm not sending back looks greT and she loved it,[],B01C5NVB5W,B01C5NVB5W,AGUBVALCZEWORXHAH3OMRQ3JKI4A,1537705669254,0,True,1
5.0,Precisely what I wanted and needed.,"My husband and I tend to lose cables, since he has a lot of them I say he always mistakes mine for his and then they magically disappear but honestly this one in particular I always have plugged in and it went missing at some point so yes, basically what I needed, fast arrival in good condition and it's exactly as described.",[],B072F8XP9X,B096TRDBRR,AFA26DYXVLJYTYZ3KET77GE27N2A,1584992653268,0,True,4
1.0,Damaged one screen brock,Damaged one screen protector brock,[],B095H8GBQ6,B095H8GBQ6,AHR747CKPTQQCMVJO3OS5YTUSA7Q,1677638730206,0,True,0
5.0,Great Colors!,I like having a variety of bands for my Fitbit. These fit my Versa 3 without any problems. I like that they're more narrow than the traditional bands that come with the Fitbit. I think that makes it a little more feminine. I have not had any troubles with these coming off while wearing the device.,[],B0B2N46X15,B0B2N3QP9Q,AHV6QCNBJNSGLATP56JAWJ3C4G2A,1660937770540,0,False,3
5.0,Case,I love the case,[],B07RB2SWX4,B07RB2SWX4,AHFURURV4H35BXUUTXYMJYA36CTQ,1569977854967,0,True,4
4.0,Cute!,"I just got a Versa 3 and I am excited to have different bands now. This scunchie style one is easy to put on and take off. I ordered the large and it fits fine, however, it is a slightly snug fit. The directions for the Versa say to have it loose enough that if you flip your wrist, it moves back and forth a bit and with this band, it does not do that. My wrist may just be too large for it.",[],B08LZ93SJG,B08LYRVPSL,AHV6QCNBJNSGLATP56JAWJ3C4G2A,1610203924291,0,False,3
3.0,"Two words: ""good"" but ""overpriced""","This is an update AFTER I have purchased the honor 8 (with a heavy discount from manufacturer)<br /><br />Everything else is as most people have observed: quality build, smooth, ample memory ...<br /><br />However, one BIG complaint I have is the dual sim - Huawei's own manual (on model FRD-L04) says it CAN be used as dual-sim (or one sim and one sd card), numerous reviews said it support dual-sim, but it doesn't from what I can tell.<br /><br />why Huawei doesn't support more LTE bands, just like they do on Mate 9??<br /><br />Another issue is with dual camera - the wide aperture is a great misnomer, wide aperture on smart phone won't give you the bokeh effect, iphone's &#34;portrait&#34; mode is much easier on usability.<br /><br />---<br /><br />I bought Honor 5x as soon as it was out on Amazon: it was a good value proposition at the time. Not so for Honor 8.<br /><br />Honor 8 - I have hands-on experience, it is a step-up from Honor 5x, but not a $200 or double-priced step up.<br />Most folks who bought the Huawei phone are not because it is really better than iPhone at half the price (though I am sure Huawei wants you to think that way). Yes, it is beautifully designed, and I like 5.2 form factor more than 5.5. The dual camera is nice - but it is not pulling ahead of either iPhone or Samsung. All in all, a good step-up from Honor 5x released in US. That comes to my second point - it is an overpriced phone.<br /><br />The same phone or other similarly configured phone (from Xiaomi, Le2 etc) will cost about $50 to $100 less, which is significant in this price range. Huawei set this price simply because they can (and a bit greedy since this is US market). No other its fellow competitors from home  have released their phones in the US, yet. There maybe some pride on Huawei's part on about its reputation and quality that they think worth the extra. This is not so in my mind: I haven't seen any phone other than iPhone that can enjoy software update for more than 3 years, and hardware can withstand it. Given my experience with Honor 5x, Huawei is no exception either.  The bottom line is, I think this is over-priced phone, a bit over 300 or even 350 would have made its name and be more competitive.",[],B01IVV7W6O,B01MXMASHF,AEIOIVFNO6QX7OYOJNPRKQEWMPGA,1473094741000,5,False,2
5.0,My Sister Loves Her LG Motion 4G LTE!!,"I can't really write a review on the phone because I didn't buy it for me, but rather for my sister.  She said, &#34;she loves it&#34;! She has nothing bad to say about it.",[],B008ZE3T7O,B008ZE3T7O,AETGRH24MKFUFZ2KKTC2ZFYVYE5Q,1378859967000,1,True,4
5.0,Love it so much!,Love this band so much. I did have to cut some of the band length to fit my wrist like others had to as well. Before it was too loose. It was easy to remove the band from the metal clasps without damaging the band and reassemble. Anyone can do it.,"[{'small_image_url': 'https://images-na.ssl-images-amazon.com/images/I/711V1jzi+IL._SL256_.jpg', 'medium_image_url': 'https://images-na.ssl-images-amazon.com/images/I/711V1jzi+IL._SL800_.jpg', 'large_image_url': 'https://images-na.ssl-images-amazon.com/images/I/711V1jzi+IL.jpg', 'attachment_type': 'IMAGE'}, {'small_image_url': 'https://images-na.ssl-images-amazon.com/images/I/71IZyLbTh-L._SL256_.jpg', 'medium_image_url': 'https://images-na.ssl-images-amazon.com/images/I/71IZyLbTh-L._SL800_.jpg', 'large_image_url': 'https://images-na.ssl-images-amazon.com/images/I/71IZyLbTh-L.jpg', 'attachment_type': 'IMAGE'}, {'small_image_url': 'https://images-na.ssl-images-amazon.com/images/I/71xgW24RmmL._SL256_.jpg', 'medium_image_url': 'https://images-na.ssl-images-amazon.com/images/I/71xgW24RmmL._SL800_.jpg', 'large_image_url': 'https://images-na.ssl-images-amazon.com/images/I/71xgW24RmmL.jpg', 'attachment_type': 'IMAGE'}]",B07CGDNHS9,B07C757SD7,AFVGL7HOHKHSR5N3EUAVLYSBZCTQ,1563818671088,0,True,4
5.0,"Lightweight, but offers good protection with a cover; can hold several credit cards and picture ID","This is a really nice case that holds a picture ID and several credit cards and provides an easy fold cover to protect the screen with a magnet to hold it closed. It is almost like a folding wallet.  If you have this phone (Note 8), you know that the glass is curved on the edges, so it is difficult to find a screen protector that doesn't provide full coverage and doesn't go around the curved edges.  The problem with a full coverage glass protector is that just about any case that you try needs to press against the sides of the glass to hold the phone properly.  That creates a problem because the pressure of a case on the sides raises the protector off the surface of the glass.  With this case, you don't absolutely need a screen protector, as you have protection once the case is closed.  I have tried two other cases and so far I like this the best of the three.  The case is nice and thick, but soft leather, so should provide enough protection without the weight that a hard cover case would have.  I like it a lot and if this wears out, I'll buy the same case again.",[],B0751HGSMQ,B0751HGSMQ,AFAIJYOUO3NAWLBDIKTQSC3DASWA,1518144431693,0,False,3
5.0,Nice case,Great case. Very light and fits the phone well. Good value for the price,[],B07WS9W3FD,B08QCHHYXT,AFGUPTDFAWOHHL4LZDV27ERDNOYQ,1593810324257,0,True,4
5.0,These work great,Cables are more than long enough and they work great to charge my iwatch 6.,[],B0BGK8YN3L,B0BVMYZYK4,AFJBKPK5W56XWSNPQU2WW66ISWYQ,1669329775867,0,False,4
5.0,The normal iPhone sized case is identical and equally as good other than being a different size,"Invellop is a very functional yet elegant case for the iPhone 6 Plus. The normal iPhone sized case is identical and equally as good other than being a different size.<br /><br />The charge port is not covered, which I like because I frequently charge mine, and dust is not as big a worry for me.<br /><br />The mute/orientation lock is also not covered. This is another great feature as cases that usually cover the lock tend to obscure it completely, making it harder to access.<br /><br />I also like that the back is clear, allowing you to see the color and finish rather than completely hiding it.<br /><br />The case is slender and doesn't add much to an already large phone. The texture/surface is easy to grip.<br /><br />Overall a great looking and useful case if you prefer not to have the charge port and mute switch covered up.",[],B00MKRODHW,B07BYZDPJ3,AGU7O3UW7U2UMZGSZMKNZ6K6VHUA,1420091435000,11,True,3
5.0,Five Stars,This is exactly what my friend wanted! Se and I feel it is more towards a mint color.,[],B074SJFRXR,B074SJFRXR,AFMOHJOF54QARPV5DJNPJDN3F4AQ,1507156307834,0,True,4
5.0,"stylus, multi colors","These are great!  They work wonderfully - and BONUS - they are ink pens as well.  Just click the top to pull down the ink pen.  Re click to hide the ink pen tip - and viola!  Stylus again.  You get 7 - bright and individual colors.  I loose my stylus pens all the time so I decided to buy a multi pack this time - but also, they stylus part doesn't work for ever - they sort of wear out.  So again, a multi pack is a good choice.  I never hesitate to update my reviews should new info seem useful.",[],B071NS25WL,B07VZVSQ23,AFZUK3MTBIBEDQOPAK3OATUOUKLA,1590901734474,1,True,4
3.0,cigarette lighter split charger,"I was disappointed that it stuck so far out of the main plug .. and it doesn't stay in - no matter how far you try to push it in.  In the end, it was not a functioning plug in for me.  Also, the photo indicated you get 2 spare fuses, but it only came with 1.  Misleading.  I just dropped it in the donate pile.  It might work for someone, but did NOT work in my 2019 Lexus RX.",[],B07FDQLL7K,B07FDQLL7K,AFZUK3MTBIBEDQOPAK3OATUOUKLA,1585237655009,0,True,1
1.0,Shattered,Absolute unnecessary nonsense for a false sense of security. If you drop your phone on your screen it's likely to break till they develop one that doesn't,[],B07HRN9J19,B07HRN9J19,AEMJ2EG5ODOCYUTI54NBXZHDJGSQ,1614865457978,0,False,0
4.0,Cute Phone Case!,This is a cute phone case! It offers adequate protection to my daughter's iPhone. It fits well. It doesn't seem to interfere with the buttons.,[],B09KXBYBBX,B09NMMQ8GJ,AHV6QCNBJNSGLATP56JAWJ3C4G2A,1641823473749,0,False,4
5.0,Great case,Great case. Love the ring/stand feature.  Colors vibrant and case is lightweight yet durable. Especially dig the fact that the ring rotates for comfort,[],B076PTRHKK,B076PTRHKK,AH4O5W3EM4CKQGHMBVTSPCJRYF7Q,1546787686992,0,True,4
5.0,Perfect Fit!,"Just got my Pixel 6! I had ordered the official Google case to go with it, but after a day or two, my husband, who also has a Pixel 6, kept getting them mixed up even though he doesn't have the Google case. They were too similar looking. Now that I have a plum case (more like rose pink with a plum border), he hasn't gotten them mixed up! It offers excellent protection. The edges are raised around the screen so there's a good buffer there. It doesn't seem to interfere with the buttons. I am happy with it.",[],B0B2QM8HHQ,B0B2QM276H,AHV6QCNBJNSGLATP56JAWJ3C4G2A,1656364639737,0,False,4
2.0,Bulky and can‚Äôt get bubbles off screen,"It doesn‚Äôt seem that durable, it‚Äôs super bulky and no matter how long and hard I tried I can‚Äôt get all the bubbles off the screen.",[],B09CD5VV9C,B09NRLQJZZ,AFSCQMP2EPYLGJN7OBTMEXCBE2OQ,1675358253396,0,False,2
5.0,Great Option..,"Used for one week daily before reviewing. It's a good case, not great but good. The phone case itself holds the phone securely and even has a lip for more protection.  It comes with a screen protector as well so the value is there. The wallet portion is just OK. I've had wallet cases that have more card slots while still being compact. I will have to take an additional wallet with me to hold all my cards. Three slots are not enough. The magnetic side is also not strong enough. Again, I've had other wallets that grip the phone when reconnected. This one feels not as strong. However, the snap closure prevents the phone from detaching in a fall which helps. So, I try not walk around  too much with it open. The case itself is thin enough to allow QI charging on the pad and in my vehicle. I can drop it in to the slot and it fits allows for fast charging. Finally, the case feels like leather. I know that it's not but it's not plastic-y.<br />If it had enough slots to replace a normal wallet it would be perfect, but I will still give it 5 stars.",[],B0917J3YP3,B0917J3YP3,AFO3G62P2JXCNMWZTAIB56KPG56A,1625517059377,0,True,3
4.0,Four Stars,will make cute gifts,[],B00UG0T92Y,B07L1DN3TR,AEE4BXFE7TFTVFCF67SANXQOQBVA,1450409333000,0,True,3
5.0,Great phone protection!,"I have to qualify this review by stating my last phone was an Iphone5s that I had for at least 4 years. Through the years, the phone had been dropped several times which resulted in phone damage and cracked glass. Luckily, the iPhone still worked but I promised myself that my next phone I would take better care of (especially because of the $$). So, I finally upgraded to the iPhone XR in February and decided to try this case. I will tell you it is great. Easy to install around my phone, I find it a great way to protect my latest investment. I honestly have already dropped (actually it slipped out of my hands) the phone and there is not a ding or a scratch on the phone (probably due to the heavy duty bumper). It also looks great and is an attractive investment in a long future with this phone.",[],B07PFNRL3T,B07PFNRL3T,AFSKPY37N3C43SOI5IEXEK5JSIYA,1555768000743,0,False,4
1.0,Doesn‚Äôt stay adhered to the phobe,Did not stay on the phone.,[],B07Q8G384C,B08HRXTKP8,AEMYDA6DVBKCCE7ZO2ARRFGKG3LQ,1574777876165,0,True,0
5.0,Five Stars,Quality feel!,[],B00M3QA9AU,B08KQ1L2W3,AFWTME2ROGUQI5J5FB3DWCLKZNBA,1466037568000,0,True,4
4.0,Good,It‚Äôs good. Sometimes my hair gets caught in it.,[],B00UY1YTGG,B07HCZLML5,AGTHQ6ANUEV7VOOVAEFWVMFIILUA,1541038395071,1,True,3
5.0,Great Close Ups!,"I was a bit skeptical about needing a fisheye lens, but it really is pretty cool. It's quite impressive how well the close up pictures work using it. I tried a different fisheye lens about a year ago & this one is much better. One of the things I really like about this one is the way it attaches to the phone with the clip. It's similar to a basic alligator clip. My old one was really awkward to put on. Another simple feature that I like is the storage bag. The only thing that would improve that would be for a hard case to store it in so it doesn't get crushed or broken. The lens is easy to use and it worked well on my Nexus 5.<br /><br />*I received this for the purpose of trying out & reviewing. My thoughts & opinions are my own.",[],B00CZ7O4IK,B00CZ7O4IK,AHV6QCNBJNSGLATP56JAWJ3C4G2A,1448924976000,0,False,3
5.0,Moto G Power 2021 Phone Case:,"I was amazed by the quality of the case! It was almost exactly as the picture, maybe not as shiny yet I preferred it this way.<br />It came with a protective screen cover. My phone already had a great one on so I can't review the ease of application or function of this item. This purchase was one of the best buys for the price! Excellent value, the delivery was as promised. Next day with text updates.",[],B0925SK38W,B0925VVYNK,AFK6R43UKGWON2XYKND3E4UXSLUQ,1631721315729,0,True,4
5.0,"Very good quality, light weight","Very good quality, light weight, and very pretty light pink. The protective film was a bit difficult to pull off, there‚Äôs no tab to pull on... but still love the case",[],B074CNB32X,B08DMKGHYK,AG7WKTZINOFIXMZJYIPKIB7PV7NQ,1522014281744,0,True,3
5.0,Worth the $,This is a beautiful phone case.  Its big and steardy. I really like it.,[],B081MWWGF3,B081MY5V7D,AFEV5KMXLLJKBSGXCBRZUOZQSRPQ,1605154344935,0,True,4
5.0,Wrong size,Had to return for a smaller case.,[],B01LAKZT2W,B0C5J9PH5R,AEYS7TG2WOZAB7NLRVGTM5XZIG3Q,1595030964654,0,True,0
5.0,Easy to use & waterproof,"Great. I use on pontoon, tubing, and keep registration info in boat. Have bought extra for guests to use.",[],B06XJ174LP,B06XJ174LP,AGMBLP4JLQK6M3UZQY655VZP73XA,1547322094783,0,True,4
5.0,"great product, and charges phone really fast!",love it!!,[],B071KGVLBB,B0784P9DBK,AHPKZL7FJIDA3CLNQ6OMKY46RA7Q,1515686949023,0,True,4
5.0,Best band on the market for the Samsung Watch 4,"The silicon bands choke off my skin from breathing and eventually create a rash. So, a breathable metal band is the only type of band I consider. Titanium is an ideal metal.<br /><br />This band with a lockable catch works really well. It's sturdy, relatively easy to put on and off, and it breathes. The style is good for men.<br /><br />The one down side is that my size is between links. It would be better if there were a 1/2-size link I could remove.<br /><br />It's still the best Samsung Watch 4 band on the market. I've tried them all.",[],B09GLGQV6D,B089FLQ82J,AEDNNPW6JQ4H6NPMF2FYMIUZOTGQ,1641937003292,0,True,3
5.0,Button on back helps you expand or retract width,Works great for my 8 plus,[],B075TYZNVM,B075TYZNVM,AHY7ZJB523OPTIKXRI63PS2V6FSQ,1534038932053,0,True,4
2.0,Received wrong case.,"The case looks durable and pretty, but I received the wrong color and style.  I did not receive the Rose gold, instead I received the Silver Prism.  It will do for now but I wanted the Rose gold and it's The Classic case, not the DualPro.  Be sure you get what you order.",[],B06VSWBMW3,B06XTZT2NY,AHATA6X6MYTC3VNBFJ3WIYVK257A,1495742839000,0,False,1
5.0,KEZiHOME CASE,Beautiful & functional,[],B08K34Z486,B08K34Z486,AHOEIYJJHZ7ITX75BOFQYNXVVJQQ,1620265145114,0,True,4
